time_index,year,quarter_num,quarter,period_label,quarter_start_date,is_complete_year,oni_index,enso_phase
8041,2010,1,Q1,2010 Q1,2010-01-01,0,1.16666666666667,El Niño
8042,2010,2,Q2,2010 Q2,2010-04-01,0,-0.166666666666667,Neutral
8043,2010,3,Q3,2010 Q3,2010-07-01,0,-1.3,La Niña
8044,2010,4,Q4,2010 Q4,2010-10-01,0,-1.6,La Niña
8045,2011,1,Q1,2011 Q1,2011-01-01,1,-1.16666666666667,La Niña
8046,2011,2,Q2,2011 Q2,2011-04-01,1,-0.566666666666667,La Niña
8047,2011,3,Q3,2011 Q3,2011-07-01,1,-0.633333333333333,La Niña
8048,2011,4,Q4,2011 Q4,2011-10-01,1,-1.03333333333333,La Niña
8049,2012,1,Q1,2012 Q1,2012-01-01,1,-0.733333333333333,La Niña
8050,2012,2,Q2,2012 Q2,2012-04-01,1,-0.266666666666667,Neutral
8051,2012,3,Q3,2012 Q3,2012-07-01,1,0.333333333333333,Neutral
8052,2012,4,Q4,2012 Q4,2012-10-01,1,0.0666666666666666,Neutral
8053,2013,1,Q1,2013 Q1,2013-01-01,1,-0.366666666666667,Neutral
8054,2013,2,Q2,2013 Q2,2013-04-01,1,-0.366666666666667,Neutral
8055,2013,3,Q3,2013 Q3,2013-07-01,1,-0.333333333333333,Neutral
8056,2013,4,Q4,2013 Q4,2013-10-01,1,-0.233333333333333,Neutral
8057,2014,1,Q1,2014 Q1,2014-01-01,1,-0.4,Neutral
8058,2014,2,Q2,2014 Q2,2014-04-01,1,0.133333333333333,Neutral
8059,2014,3,Q3,2014 Q3,2014-07-01,1,0.1,Neutral
8060,2014,4,Q4,2014 Q4,2014-10-01,1,0.6,El Niño
8061,2015,1,Q1,2015 Q1,2015-01-01,1,0.5,El Niño
8062,2015,2,Q2,2015 Q2,2015-04-01,1,0.933333333333333,El Niño
8063,2015,3,Q3,2015 Q3,2015-07-01,1,1.86666666666667,El Niño
8064,2015,4,Q4,2015 Q4,2015-10-01,1,2.53333333333333,El Niño
8065,2016,1,Q1,2016 Q1,2016-01-01,1,2.06666666666667,El Niño
8066,2016,2,Q2,2016 Q2,2016-04-01,1,0.4,Neutral
8067,2016,3,Q3,2016 Q3,2016-07-01,1,-0.5,La Niña
8068,2016,4,Q4,2016 Q4,2016-10-01,1,-0.666666666666667,La Niña
8069,2017,1,Q1,2017 Q1,2017-01-01,1,-0.133333333333333,Neutral
8070,2017,2,Q2,2017 Q2,2017-04-01,1,0.266666666666667,Neutral
8071,2017,3,Q3,2017 Q3,2017-07-01,1,-0.133333333333333,Neutral
8072,2017,4,Q4,2017 Q4,2017-10-01,1,-0.833333333333333,La Niña
8073,2018,1,Q1,2018 Q1,2018-01-01,1,-0.833333333333333,La Niña
8074,2018,2,Q2,2018 Q2,2018-04-01,1,-0.233333333333333,Neutral
8075,2018,3,Q3,2018 Q3,2018-07-01,1,0.266666666666667,Neutral
8076,2018,4,Q4,2018 Q4,2018-10-01,1,0.833333333333333,El Niño
8077,2019,1,Q1,2019 Q1,2019-01-01,1,0.7,El Niño
8078,2019,2,Q2,2019 Q2,2019-04-01,1,0.566666666666667,El Niño
8079,2019,3,Q3,2019 Q3,2019-07-01,1,0.2,Neutral
8080,2019,4,Q4,2019 Q4,2019-10-01,1,0.433333333333333,Neutral
8081,2020,1,Q1,2020 Q1,2020-01-01,1,0.466666666666667,Neutral
8082,2020,2,Q2,2020 Q2,2020-04-01,1,-0.0666666666666666,Neutral
8083,2020,3,Q3,2020 Q3,2020-07-01,1,-0.633333333333333,La Niña
8084,2020,4,Q4,2020 Q4,2020-10-01,1,-1.23333333333333,La Niña
8085,2021,1,Q1,2021 Q1,2021-01-01,1,-0.9,La Niña
8086,2021,2,Q2,2021 Q2,2021-04-01,1,-0.533333333333333,La Niña
8087,2021,3,Q3,2021 Q3,2021-07-01,1,-0.533333333333333,La Niña
8088,2021,4,Q4,2021 Q4,2021-10-01,1,-0.933333333333333,La Niña
8089,2022,1,Q1,2022 Q1,2022-01-01,1,-0.966666666666667,La Niña
8090,2022,2,Q2,2022 Q2,2022-04-01,1,-1.0,La Niña
8091,2022,3,Q3,2022 Q3,2022-07-01,1,-0.9,La Niña
8092,2022,4,Q4,2022 Q4,2022-10-01,1,-0.9,La Niña
8093,2023,1,Q1,2023 Q1,2023-01-01,1,-0.4,Neutral
8094,2023,2,Q2,2023 Q2,2023-04-01,1,0.5,El Niño
8095,2023,3,Q3,2023 Q3,2023-07-01,1,1.33333333333333,El Niño
8096,2023,4,Q4,2023 Q4,2023-10-01,1,1.9,El Niño
8097,2024,1,Q1,2024 Q1,2024-01-01,1,1.46666666666667,El Niño
8098,2024,2,Q2,2024 Q2,2024-04-01,1,0.433333333333333,Neutral
8099,2024,3,Q3,2024 Q3,2024-07-01,1,-0.1,Neutral
8100,2024,4,Q4,2024 Q4,2024-10-01,1,-0.4,Neutral
8101,2025,1,Q1,2025 Q1,2025-01-01,1,-0.4,Neutral
8102,2025,2,Q2,2025 Q2,2025-04-01,1,-0.1,Neutral
8103,2025,3,Q3,2025 Q3,2025-07-01,1,-0.3,Neutral
8104,2025,4,Q4,2025 Q4,2025-10-01,1,-0.6,La Niña
