crop,crop_group,first_year,last_year,provinces_producing
Achuete,OTHER,2010,2025,36
Alugbati,OTHER,2010,2025,47
Ampalaya fruit [Bitter gourd],OTHER,2010,2025,49
Ampalaya leaves,OTHER,2010,2025,45
Arrowroot,OTHER,2011,2025,17
Asparagus,OTHER,2010,2025,4
Bamboo shoots,OTHER,2010,2025,46
Banana,OTHER,2010,2025,49
Banana Bungulan,OTHER,2010,2025,47
Banana Cavendish,OTHER,2010,2025,29
Banana Lakatan,OTHER,2010,2025,49
Banana Latundan,OTHER,2010,2025,49
Banana Saba,OTHER,2010,2025,49
Banana blossom,OTHER,2010,2025,48
Beets,OTHER,2011,2025,2
Broccoli,OTHER,2010,2025,12
Cabbage,OTHER,2010,2025,34
Calamansi,OTHER,2010,2025,49
Camote [Sweet potato],OTHER,2010,2025,49
Camote tops,OTHER,2010,2025,49
Carrot,OTHER,2010,2025,26
Cassava for food fresh tubers,OTHER,2016,2025,49
Cassava for industrial use fresh tubers,OTHER,2016,2025,32
Cassava fresh tubers,OTHER,2010,2025,49
Cauliflower,OTHER,2010,2025,19
Celery,OTHER,2010,2025,13
Chayote fruit,OTHER,2010,2025,38
Chili pepper fruit (Siling labuyo),OTHER,2010,2025,49
Chinese cabbage (Wongbok Pechay Baguio),OTHER,2010,2025,24
Corn,CORN,2010,2025,50
Cucumber,OTHER,2010,2025,49
Durian,OTHER,2010,2025,26
Eggplant,OTHER,2010,2025,49
Gabi [Taro],OTHER,2010,2025,49
Gabi leaves with stem,OTHER,2010,2025,49
Garlic dried bulb,OTHER,2011,2025,13
Ginger,OTHER,2010,2025,49
Habitchuelas [Snap beans],OTHER,2010,2025,33
Irrigated Palay,PALAY,2010,2025,51
Jackfruit young,OTHER,2010,2025,48
Kamansi,OTHER,2010,2025,41
Kamias,OTHER,2010,2025,41
Kangkong [Swamp cabbage],OTHER,2010,2025,48
Kinchay,OTHER,2011,2025,14
Kundol,OTHER,2010,2025,36
Lanzones,OTHER,2010,2025,33
Lettuce,OTHER,2011,2025,35
Malunggay fruit,OTHER,2010,2025,26
Malunggay leaves,OTHER,2010,2025,48
Mandarin,OTHER,2010,2025,31
Mango,OTHER,2010,2025,47
Mango Carabao,OTHER,2010,2025,45
Mango Indian,OTHER,2025,2025,32
Mango Piko,OTHER,2010,2025,34
Mongo [Mungbean],OTHER,2010,2025,48
Okra [Lady's finger],OTHER,2010,2025,48
Onion Bermuda,OTHER,2010,2025,14
Onion leeks,OTHER,2010,2025,37
Onion mature bulb,OTHER,2010,2025,24
Onion red creole (Bermuda red),OTHER,2024,2025,12
Onion red shallot (Sibuyas Tagalog),OTHER,2010,2025,22
Onion yellow granex (Bermuda white),OTHER,2024,2025,4
Palay,PALAY,2010,2025,51
Paminta [Black pepper],OTHER,2010,2025,28
Pandan fresh leaves,OTHER,2010,2025,36
Pao Galiang,OTHER,2010,2025,35
Papaya green,OTHER,2010,2025,49
Parsley,OTHER,2011,2025,7
Patola,OTHER,2010,2025,48
Peanut with shell dry,OTHER,2010,2025,49
Pechay,OTHER,2010,2025,49
Pechay native,OTHER,2010,2025,49
Pepper,OTHER,2010,2025,48
Pepper bell,OTHER,2010,2025,50
Potato,OTHER,2010,2025,11
Radish,OTHER,2010,2025,44
Rainfed Palay,PALAY,2010,2025,51
Singkamas [Turnip],OTHER,2010,2025,38
Sitao [Stringbeans],OTHER,2010,2025,49
Squash fruit,OTHER,2010,2025,49
Sweet peas,OTHER,2010,2025,15
Tamarind flower,OTHER,2011,2025,7
Tanglad [Lemon grass],OTHER,2010,2025,46
Tomato,OTHER,2010,2025,49
Tugue,OTHER,2011,2025,36
Ubi [Greater yam],OTHER,2010,2025,47
Upo [Bottle gourd],OTHER,2010,2025,48
White Corn,CORN,2010,2025,50
Yellow Corn,CORN,2010,2025,49
