file,column_name,data_type,unit,derived,description
crop_trend_master_2025q4.csv,province,string,,no,Province name normalized to uppercase in the final modeling table.
crop_trend_master_2025q4.csv,year,integer,calendar year,no,Observation year.
crop_trend_master_2025q4.csv,quarter,string,quarter,no,Quarter label in Q1-Q4 format.
crop_trend_master_2025q4.csv,temperature_2m_mean,decimal,degrees C,no,Quarter mean of daily mean air temperature at 2 meters.
crop_trend_master_2025q4.csv,temperature_2m_max,decimal,degrees C,no,Quarter mean of daily maximum air temperature at 2 meters.
crop_trend_master_2025q4.csv,temperature_2m_min,decimal,degrees C,no,Quarter mean of daily minimum air temperature at 2 meters.
crop_trend_master_2025q4.csv,precipitation_sum,decimal,mm,no,Quarter sum of daily total precipitation.
crop_trend_master_2025q4.csv,rain_sum,decimal,mm,no,Quarter sum of daily rain.
crop_trend_master_2025q4.csv,precipitation_hours,decimal,hours,no,Quarter total hours with rain.
crop_trend_master_2025q4.csv,sunshine_duration,decimal,seconds,no,Quarter total sunshine duration aggregated from daily values.
crop_trend_master_2025q4.csv,shortwave_radiation_sum,decimal,MJ/m^2,no,Quarter sum of daily shortwave solar radiation.
crop_trend_master_2025q4.csv,et0_fao_evapotranspiration,decimal,mm,no,Quarter sum of FAO-56 reference evapotranspiration.
crop_trend_master_2025q4.csv,wind_speed_10m_max,decimal,km/h,no,Quarter mean of daily maximum wind speed at 10 meters.
crop_trend_master_2025q4.csv,wind_gusts_10m_max,decimal,km/h,no,Quarter mean of daily maximum wind gusts at 10 meters.
crop_trend_master_2025q4.csv,rain_normal,decimal,mm,no,Quarter rainfall normal used as baseline for rainfall deviation.
crop_trend_master_2025q4.csv,temp_normal,decimal,degrees C,no,Quarter temperature normal used as baseline for temperature anomaly.
crop_trend_master_2025q4.csv,rainfall_deviation_pct,decimal,percent,no,Percent deviation of quarter rainfall relative to the rainfall normal.
crop_trend_master_2025q4.csv,temperature_anomaly_c,decimal,degrees C,no,Quarter temperature anomaly relative to the temperature normal.
crop_trend_master_2025q4.csv,oni_index,decimal,degrees C,no,Quarter-level Oceanic Nino Index aggregated from overlapping seasonal values.
crop_trend_master_2025q4.csv,crop,string,,no,Crop name from the harmonized crop production table.
crop_trend_master_2025q4.csv,production,decimal,metric tons,no,Quarterly crop production volume.
crop_trend_master_2025q4.csv,quarter_num,integer,1-4,yes,Numeric encoding of quarter.
crop_trend_master_2025q4.csv,time_index,integer,,yes,Chronological sort key computed as year times four plus quarter number.
crop_trend_master_2025q4.csv,production_lag_1,decimal,metric tons,yes,Production in the previous quarter for the same province and crop.
crop_trend_master_2025q4.csv,production_lag_2,decimal,metric tons,yes,Production two quarters earlier for the same province and crop.
crop_trend_master_2025q4.csv,production_lag_4,decimal,metric tons,yes,Production four quarters earlier for the same province and crop.
crop_trend_master_2025q4.csv,temp_anomaly_rolling,decimal,degrees C,yes,Four-quarter rolling mean of province temperature anomaly.
crop_trend_master_2025q4.csv,rain_anomaly_rolling,decimal,percent,yes,Four-quarter rolling mean of province rainfall deviation percentage.
crop_trend_master_2025q4.csv,enso_phase_La Niña,boolean,,yes,One-hot indicator for La Nina phase; false with Neutral false implies the omitted El Nino reference category.
crop_trend_master_2025q4.csv,enso_phase_Neutral,boolean,,yes,One-hot indicator for Neutral ENSO phase; false with La Nina false implies the omitted El Nino reference category.
crop_trend_master_2025q4.csv,crop_group,string,,yes,Broad crop family bucket derived from crop name with values PALAY CORN or OTHER.
crop_trend_master_2025q4.csv,growth_rate_yoy,decimal,ratio,yes,Year-over-year production growth computed from production and production_lag_4.
crop_trend_master_2025q4.csv,climate_stress,decimal,mixed index,yes,Composite stress score computed as absolute rolling rainfall anomaly plus absolute rolling temperature anomaly.
crop_trend_master_2025q4.csv,risk_label,string,,yes,Heuristic class from the CropForecast pipeline with values Stable Risk-prone High or Declining.
province_quarterly_weather_ready_for_merge_2010_2025.csv,province,string,,no,Province name used in the weather-ready merge table before final model filtering.
province_quarterly_weather_ready_for_merge_2010_2025.csv,year,integer,calendar year,no,Observation year.
province_quarterly_weather_ready_for_merge_2010_2025.csv,quarter,string,year-quarter period,no,Quarter period string produced by pandas quarter formatting such as 2010Q1.
province_quarterly_weather_ready_for_merge_2010_2025.csv,temperature_2m_mean,decimal,degrees C,no,Quarter mean of daily mean air temperature at 2 meters.
province_quarterly_weather_ready_for_merge_2010_2025.csv,temperature_2m_max,decimal,degrees C,no,Quarter mean of daily maximum air temperature at 2 meters.
province_quarterly_weather_ready_for_merge_2010_2025.csv,temperature_2m_min,decimal,degrees C,no,Quarter mean of daily minimum air temperature at 2 meters.
province_quarterly_weather_ready_for_merge_2010_2025.csv,precipitation_sum,decimal,mm,no,Quarter sum of daily total precipitation.
province_quarterly_weather_ready_for_merge_2010_2025.csv,rain_sum,decimal,mm,no,Quarter sum of daily rain.
province_quarterly_weather_ready_for_merge_2010_2025.csv,precipitation_hours,decimal,hours,no,Quarter total hours with rain.
province_quarterly_weather_ready_for_merge_2010_2025.csv,sunshine_duration,decimal,seconds,no,Quarter total sunshine duration aggregated from daily values.
province_quarterly_weather_ready_for_merge_2010_2025.csv,shortwave_radiation_sum,decimal,MJ/m^2,no,Quarter sum of daily shortwave solar radiation.
province_quarterly_weather_ready_for_merge_2010_2025.csv,et0_fao_evapotranspiration,decimal,mm,no,Quarter sum of FAO-56 reference evapotranspiration.
province_quarterly_weather_ready_for_merge_2010_2025.csv,wind_speed_10m_max,decimal,km/h,no,Quarter mean of daily maximum wind speed at 10 meters.
province_quarterly_weather_ready_for_merge_2010_2025.csv,wind_gusts_10m_max,decimal,km/h,no,Quarter mean of daily maximum wind gusts at 10 meters.
province_quarterly_weather_ready_for_merge_2010_2025.csv,quarter_only,string,quarter,no,Quarter code in Q1-Q4 format extracted from the full period string.
province_quarterly_weather_ready_for_merge_2010_2025.csv,rain_normal,decimal,mm,no,Quarter rainfall normal used as baseline for rainfall deviation.
province_quarterly_weather_ready_for_merge_2010_2025.csv,temp_normal,decimal,degrees C,no,Quarter temperature normal used as baseline for temperature anomaly.
province_quarterly_weather_ready_for_merge_2010_2025.csv,rainfall_deviation_pct,decimal,percent,no,Percent deviation of quarter rainfall relative to the rainfall normal.
province_quarterly_weather_ready_for_merge_2010_2025.csv,temperature_anomaly_c,decimal,degrees C,no,Quarter temperature anomaly relative to the temperature normal.
province_quarterly_weather_ready_for_merge_2010_2025.csv,oni_index,decimal,degrees C,no,Quarter-level Oceanic Nino Index aggregated from overlapping seasonal values.
province_quarterly_weather_ready_for_merge_2010_2025.csv,enso_phase,string,,yes,Categorical ENSO phase derived from oni_index with local thresholds for El Nino La Nina and Neutral.
